{"cameraMode":{"drawMode":0,"name":"Shaded","section":"Shading Mode"},"sceneLighting":false,"audioPlay":false,"sceneViewState":{"m_AlwaysRefresh":false,"showFog":true,"showSkybox":false,"showFlares":true,"showImageEffects":true,"showParticleSystems":true,"showVisualEffectGraphs":true,"m_FxEnabled":true},"in2DMode":false,"pivot":{"x":154.5187225341797,"y":1324.3433837890625,"z":229.5666961669922},"rotation":{"x":0.045294564217329028,"y":0.0026831510476768018,"z":-0.00011882536637131125,"w":0.9990282654762268},"size":841.4409790039063,"orthographic":false}